{"ongoing_trials": {}, "hyperparameters": {"space": [{"class_name": "Float", "config": {"name": "learning_rate", "default": 1e-05, "conditions": [], "min_value": 1e-05, "max_value": 0.01, "step": null, "sampling": "log"}}, {"class_name": "Float", "config": {"name": "epsilon", "default": 1e-07, "conditions": [], "min_value": 1e-07, "max_value": 0.0001, "step": null, "sampling": "log"}}, {"class_name": "Float", "config": {"name": "beta_1", "default": 0.8, "conditions": [], "min_value": 0.8, "max_value": 0.99999, "step": null, "sampling": "reverse_log"}}, {"class_name": "Float", "config": {"name": "beta_2", "default": 0.8, "conditions": [], "min_value": 0.8, "max_value": 0.99999, "step": null, "sampling": "reverse_log"}}], "values": {"learning_rate": 1e-05, "epsilon": 1e-07, "beta_1": 0.8, "beta_2": 0.8}}, "start_order": ["00", "01", "02", "03", "04", "05", "06", "07", "08", "09", "10", "11", "12", "13", "14", "15", "16", "17", "18", "19", "20", "21", "22", "23", "24"], "end_order": ["00", "01", "02", "03", "04", "05", "06", "07", "08", "09", "10", "11", "12", "13", "14", "15", "16", "17", "18", "19", "20", "21", "22", "23", "24"], "run_times": {"00": 1, "01": 1, "02": 1, "03": 1, "04": 1, "05": 1, "06": 1, "07": 1, "08": 1, "09": 1, "10": 1, "11": 1, "12": 1, "13": 1, "14": 1, "15": 1, "16": 1, "17": 1, "18": 1, "19": 1, "20": 1, "21": 1, "22": 1, "23": 1, "24": 1}, "retry_queue": [], "seed": 71926, "seed_state": 71974, "tried_so_far": ["7dd898d3c9ff48eed1f6f1ba304b57e6", "249f49af4c20f1d49c3ac2863c8b37ed", "49cfdea43bbec30195651ff74671d5cc", "f48b73734fd962c788dbd4c20e20ccba", "e938814ff3e7f5ef8e7a8898d4171670", "22fd1a2dfeba05fbab2d7861377fc3ad", "1926aa8a9be1a8eba120a2949c4b60df", "5fdbdbd9e7099f74b6f9e8d048ab5d7a", "3669278a54921f5e7d880d838e2b2743", "fb871891013e3728b55b9c278c5fe6c6", "62a3a1e10d3852d449aab5a73bd1d16a", "bf11409549c7be533e83def39777a35b", "8b36c37e6e5e2f6f2120324a77a498c9", "945414e3e255b2ed0cc63c489034c91c", "9e053134736589a8e0e48e8d646a5163", "a284bd7ed1deb29701604d86dc10d24c", "39d177907b52325c63c24c05f1fb5032", "8f4d5e59a776e6cfc7370d8a1b3ae94a", "6f73022975b1fd05664aa617cea1d721", "a4bb570715246ca9cdb44a234d93bf1e", "856253ea158a5250149d9c126a595dca", "f2848ec0a2107c23be6325b82271fc87", "413505ff593190fded8802657d5b4288", "35b2965bd59c1c379d2f8e43e54a39ca", "081f6d81bd8ccc0ca9bdcb96af70ee71"], "id_to_hash": {"00": "a4bb570715246ca9cdb44a234d93bf1e", "01": "8b36c37e6e5e2f6f2120324a77a498c9", "02": "f48b73734fd962c788dbd4c20e20ccba", "03": "a284bd7ed1deb29701604d86dc10d24c", "04": "856253ea158a5250149d9c126a595dca", "05": "1926aa8a9be1a8eba120a2949c4b60df", "06": "62a3a1e10d3852d449aab5a73bd1d16a", "07": "5fdbdbd9e7099f74b6f9e8d048ab5d7a", "08": "3669278a54921f5e7d880d838e2b2743", "09": "e938814ff3e7f5ef8e7a8898d4171670", "10": "081f6d81bd8ccc0ca9bdcb96af70ee71", "11": "39d177907b52325c63c24c05f1fb5032", "12": "9e053134736589a8e0e48e8d646a5163", "13": "249f49af4c20f1d49c3ac2863c8b37ed", "14": "413505ff593190fded8802657d5b4288", "15": "f2848ec0a2107c23be6325b82271fc87", "16": "49cfdea43bbec30195651ff74671d5cc", "17": "35b2965bd59c1c379d2f8e43e54a39ca", "18": "22fd1a2dfeba05fbab2d7861377fc3ad", "19": "945414e3e255b2ed0cc63c489034c91c", "20": "6f73022975b1fd05664aa617cea1d721", "21": "8f4d5e59a776e6cfc7370d8a1b3ae94a", "22": "fb871891013e3728b55b9c278c5fe6c6", "23": "7dd898d3c9ff48eed1f6f1ba304b57e6", "24": "bf11409549c7be533e83def39777a35b"}, "num_initial_points": null, "alpha": 0.0001, "beta": 2.6}